id,n_class,ADWINBagging,ARF,AdaBoost,DDM-HT,EFHT,HT,OneVsAll-CIDDM,OneVsAll-DDM,OneVsAll-GT,OneVsAll-NC,SRP
synth_1_to_3_gradual.csv,6,897.6385028362274,399.5950243473053,876.5037128925323,254.2981808185577,1248.5178332328796,111.0219554901123,268.8385269641876,227.46085858345032,256.8236286640167,170.9837839603424,2088.8275492191315
synth_1_to_3_sudden.csv,6,889.4115822315216,384.6385743618012,854.3267538547516,245.0643041133881,1430.9804301261902,91.61603593826294,208.56404995918277,201.99692845344543,214.7404968738556,220.9358711242676,2296.259084224701
synth_1_to_6_gradual.csv,6,898.7282166481018,400.0865490436554,893.7550578117371,191.33776807785037,1102.8196561336515,85.69846320152283,305.2669212818146,419.16756415367126,316.1819486618042,352.8778283596039,2090.2941687107086
synth_1_to_6_sudden.csv,6,900.3531906604767,397.9039862155914,921.5091030597688,191.5624248981476,1109.8002300262451,77.9413583278656,411.6440587043762,249.1125361919403,358.7013521194458,235.54429697990415,2088.626698255539
synth_6_to_3_gradual.csv,6,882.9628868103027,396.5406565666199,837.1918179988861,281.1620328426361,912.8971893787384,80.34931349754333,315.450856924057,346.29903197288513,290.6018874645233,291.6729803085327,2067.4961245059967
synth_6_to_3_sudden.csv,6,899.6455109119415,395.66581869125366,884.4659597873688,283.5787637233734,912.5673739910126,82.29799008369446,314.5027379989624,366.58494806289673,345.2394976615906,272.56468200683594,2072.6572365760803
